news title,publish date,input date,Company / Ticker
The Power Grid Is Changing,1/5/2024,1/8/2024,American Electric Power / AEP
,,,Eaton / ETN
,,,Edison International / EIX
,,,Hubbell / HUBB
,,,NextEra Energy / NEE
,,,Quanta Services / PWR
,,,Schneider Electric / SBGSY
,,,Sterling Infrastructure / STRL
Barrons 10 Favorite Stocks for 2024,12/15/2023,1/5/2024,Alibaba Group Holding / BABA*
,,,Alphabet / GOOGL
,,,U-Haul Holding / UHAL.B*
,,,PepsiCo / PEP
,, ,BioNTech / BNTX
,,,Chevron / CVX
,,,Hertz Global Holdings / HTZ
,,,Barrick Gold / GOLD
,,,Madison Square Garden Sports / MSGS**
,,,Berkshire Hathaway / BRK.B
Barron¡¯s Roundtable,1/12/2024,Meryl Witmer,Graham Holdings / GHC
,,,Wintrust Financial / WTFC
,,Todd Ahlsten,Intel / INTC
,,,Oracle / ORCL
,,,Intercontinental Exchange / ICE
,,,Marriott International / MAR
,,,Deere / DE
,,,Thermo Fisher Scientific / TMO
